iter	Logloss
0	0.5939951367
1	0.5418639479
2	0.507136075
3	0.4868472705
4	0.4747391871
5	0.456749216
6	0.4445563924
7	0.4412191712
8	0.4282374155
9	0.4193528697
